You,Reviewer1,Reviewer2,Reviewer3
njb170000,ars180001,epm170030,sxj170022
hmb180006,vxm180032,njf170000,gjs160430
txb180006,sxj170022,ssb170002,vxs190045
kvb200000,vxs190045,rtn180000,svl190000
ssb170002,mck170000,rdp170000,mww180002
cyc180001,vxv170004,sxj170022,vxm180032
axd170002,hbm170002,vxv170004,amm180005
zxe200000,amj180004,mck170000,njb170000
bae170000,gxg170004,axd170002,amf170330
njf170000,zxe200000,vxm180032,rtn180000
amf170330,gxt170002,njb170000,tej180001
gxg170004,axp200075,rxg190009,vxv170004
rxg190009,pxt180006,jfs180001,ddt170230
snh180003,naj140530,gjs160430,jfs180001
sxj170022,mhv170000,axp200075,epm170030
naj140530,amf170330,snh180003,apk170430
swj180000,mww180002,cyc180001,hoo180000
tej180001,njb170000,zxe200000,mhv170000
amj180004,maz180006,pxt180006,rdp170000
apk170430,cyc180001,amm180005,zxe200000
mck170000,amm180005,bae170000,bar180002
esk170004,bkn170000,svl190000,hbm170002
axk180019,hoo180000,txb180006,gxg170004
rek170000,tav170002,kxt180027,bkn170000
kxk180045,axd170002,naj140530,avl170230
nxl180013,rxg190009,msy170000,axd170002
jxl170017,tej180001,jxl180087,esk170004
avl170230,snh180003,tej180001,swj180000
jxl180087,jfs180001,vxs190045,ars180001
svl190000,apk170430,kxk180045,maz180006
vxm180032,omm170000,apk170430,axk180019
omm170000,njf170000,kvb200000,tav170002
amm180005,msy170000,amj180004,omm170000
epm170030,ddt170230,omm170000,rek170000
hbm170002,jxl180087,bkn170000,gxt170002
rtn180000,ssb170002,esk170004,jxl170017
bkn170000,bae170000,ars180001,amj180004
bdo170000,kvb200000,pmw180000,snh180003
hoo180000,rtn180000,maz180006,ssb170002
axp200075,swj180000,mhv170000,pxt180006
rdp170000,svl190000,tav170002,kxk180045
bar180002,txb180006,gxg170004,pmw180000
ars180001,bdo170000,swj180000,jxl180087
jfs180001,rxu170000,rek170000,hmb180006
vxs190045,avl170230,gxt170002,bae170000
gjs160430,hmb180006,hbm170002,msy170000
kxt180027,kxk180045,nxl180013,txb180006
gxt170002,rdp170000,rxu170000,naj140530
ddt170230,pmw180000,amf170330,rxg190009
pxt180006,kxt180027,mww180002,kvb200000
rxu170000,bar180002,ddt170230,axp200075
mhv170000,gjs160430,hmb180006,njf170000
vxv170004,epm170030,bdo170000,rxu170000
tav170002,esk170004,jxl170017,mck170000
mww180002,rek170000,avl170230,cyc180001
pmw180000,jxl170017,axk180019,nxl180013
msy170000,axk180019,bar180002,bdo170000
maz180006,nxl180013,hoo180000,kxt180027